name,old_price,new_price,image
Maze Pull Homme -  Gris Et Bleu,38.00 TND,19.00 TND,https://tn.jumia.is/cms/000_Ramadan22/00_Live/JE/TN-Ram22_Jexpress_Stickybanner.gif
Maze Pull Homme - Gris Et Rose Bebe,38.00 TND,19.00 TND,https://tn.jumia.is/unsafe/fit-in/300x300/filters:fill(white)/product/78/6925/1.jpg?9990
Etre exclusif Body - Homme - Col  Roulé - 9382 H22 - Blanc,68.00 TND,44.00 TND,https://tn.jumia.is/unsafe/fit-in/300x300/filters:fill(white)/product/73/9525/1.jpg?9032
Omiz pull avec texture,79.90 TND,34.90 TND,https://tn.jumia.is/unsafe/fit-in/300x300/filters:fill(white)/product/73/7905/1.jpg?3666
Etre exclusif Body - Homme - Col  Roulé - 9382 H22 - NOIR,68.00 TND,44.00 TND,https://tn.jumia.is/unsafe/fit-in/300x300/filters:fill(white)/product/28/2405/1.jpg?1549
Omiz Pull à coudière - Vert,84.90 TND,44.90 TND,https://tn.jumia.is/unsafe/fit-in/300x300/filters:fill(white)/product/04/7905/1.jpg?3666
Omiz Pull à coudière - Bleu,84.90 TND,44.90 TND,https://tn.jumia.is/unsafe/fit-in/300x300/filters:fill(white)/product/65/7405/1.jpg?9948
Gs Gilet Homme Noir avec Manches Semi Cuir,89.90 TND,39.00 TND,https://tn.jumia.is/unsafe/fit-in/300x300/filters:fill(white)/product/45/7405/1.jpg?9948
Omiz pull col montanT,78.00 TND,44.90 TND,https://tn.jumia.is/unsafe/fit-in/300x300/filters:fill(white)/product/71/8345/1.jpg?0050
Etre exclusif Pull - Homme -  9389 H22 - Col roulé -  NOIR,38.00 TND,44.00 TND,https://tn.jumia.is/unsafe/fit-in/300x300/filters:fill(white)/product/28/6715/1.jpg?2329
Maze Pull Homme - Noir Et Bleu Ciel,82.00 TND,19.00 TND,https://tn.jumia.is/unsafe/fit-in/300x300/filters:fill(white)/product/37/3115/1.jpg?8148
Etre exclusif Gilet - Homme - 8709 H20 - Noir,50.00 TND,54.00 TND,https://tn.jumia.is/unsafe/fit-in/300x300/filters:fill(white)/product/56/3245/1.jpg?2026
Zoom Fa Sweat Shirts - Tournado - Noir,38.00 TND,35.00 TND,https://tn.jumia.is/unsafe/fit-in/300x300/filters:fill(white)/product/30/1905/1.jpg?3137
Maze Pull Homme - Noir Et Rouge,82.00 TND,19.00 TND,https://tn.jumia.is/unsafe/fit-in/300x300/filters:fill(white)/product/58/0563/1.jpg?8368
Etre exclusif Gilet - Homme - 8710 H22 -  noir,82.00 TND,54.00 TND,https://tn.jumia.is/unsafe/fit-in/300x300/filters:fill(white)/product/26/3245/1.jpg?2026
Etre exclusif Pull - Homme - 9385 H22 -  Bleu - Zigzag,38.00 TND,57.00 TND,https://tn.jumia.is/unsafe/fit-in/300x300/filters:fill(white)/product/90/1905/1.jpg?3136
Maze Pull Homme -  Noir et Jaune,75.00 TND,19.00 TND,https://tn.jumia.is/unsafe/fit-in/300x300/filters:fill(white)/product/62/1905/1.jpg?3135
Etre exclusif Pull Polo - Homme - 9441 H19 -  Violet,82.00 TND,49.00 TND,https://tn.jumia.is/unsafe/fit-in/300x300/filters:fill(white)/product/66/3245/1.jpg?2026
Etre exclusif Gilet - Homme - 8710 H22 -  Marine,79.90 TND,54.00 TND,https://tn.jumia.is/unsafe/fit-in/300x300/filters:fill(white)/product/34/6294/1.jpg?7445
Omiz Pull carreaux,89.90 TND,34.90 TND,https://tn.jumia.is/unsafe/fit-in/300x300/filters:fill(white)/product/21/1905/1.jpg?0791
Omiz gilet,38.00 TND,44.90 TND,https://tn.jumia.is/unsafe/fit-in/300x300/filters:fill(white)/product/45/0564/1.jpg?4371
Maze Pull Homme - Noir Et Bleu Ciel,89.99 TND,19.00 TND,https://tn.jumia.is/unsafe/fit-in/300x300/filters:fill(white)/product/48/6715/1.jpg?2331
Exist Gilet - G00003 - QBLEU/NUI,38.00 TND,73.00 TND,https://tn.jumia.is/unsafe/fit-in/300x300/filters:fill(white)/product/38/6925/1.jpg?9990
Pull col rond couleur Gris - Motif aztèque,84.90 TND,59.00 TND,https://tn.jumia.is/unsafe/fit-in/300x300/filters:fill(white)/product/67/0205/1.jpg?8013
Maze Pull Homme - Noir Et Rose,82.00 TND,19.00 TND,https://tn.jumia.is/unsafe/fit-in/300x300/filters:fill(white)/product/92/2013/1.jpg?1847
Omiz Pull à coudière - Noir,79.99 TND,44.90 TND,https://tn.jumia.is/unsafe/fit-in/300x300/filters:fill(white)/product/58/6925/1.jpg?9990
Etre exclusif Gilet - Homme - 8710 H22 -  Charbon,74.99 TND,54.00 TND,https://tn.jumia.is/unsafe/fit-in/300x300/filters:fill(white)/product/94/7405/1.jpg?9887
Exist Gilet - G00029 - QBLEU/NUI,69.99 TND,54.00 TND,https://tn.jumia.is/unsafe/fit-in/300x300/filters:fill(white)/product/70/1905/1.jpg?3136
Exist Pullover - P00457 - NNOIR/VER,78.00 TND,54.00 TND,https://tn.jumia.is/unsafe/fit-in/300x300/filters:fill(white)/product/87/0205/1.jpg?8013
Exist Pull - P00410 - NOIR/GRI,39.99 TND,49.00 TND,https://tn.jumia.is/unsafe/fit-in/300x300/filters:fill(white)/product/73/1205/1.jpg?8068
Etre exclusif Pull Homme - 9335 H21 - Noir - Unie,89.99 TND,46.00 TND,https://tn.jumia.is/unsafe/fit-in/300x300/filters:fill(white)/product/29/0205/1.jpg?8016
Exist Pull - P00460 - BLANC,48.00 TND,36.00 TND,https://tn.jumia.is/unsafe/fit-in/300x300/filters:fill(white)/product/53/4025/1.jpg?0647
Exist Gilet - G00038 - Bleu foncé,60.00 TND,57.00 TND,https://tn.jumia.is/unsafe/fit-in/300x300/filters:fill(white)/product/12/1205/1.jpg?8066
Pull - Homme - Sport chic - Marron  - Tissus vinisia,75.00 TND,26.00 TND - 27.00 TND,https://tn.jumia.is/unsafe/fit-in/300x300/filters:fill(white)/product/36/2284/1.jpg?3167
WHITELEAD Pull - Noir - Attack - On - Titan,68.00 TND,27.90 TND,https://tn.jumia.is/unsafe/fit-in/300x300/filters:fill(white)/product/55/5813/1.jpg?4205
Etre exclusif Pull Polo - Homme - 9441 H19 -  Marine Gris,78.00 TND,49.00 TND,https://tn.jumia.is/unsafe/fit-in/300x300/filters:fill(white)/product/56/5203/1.jpg?8269
Etre exclusif Body - Homme - Col  Roulé - 9382 H22 - Marine,89.90 TND,44.00 TND,https://tn.jumia.is/unsafe/fit-in/300x300/filters:fill(white)/product/31/4394/1.jpg?1292
Etre exclusif Polo - Homme - 9337 H21 - Noir 100%Coton,78.00 TND,54.00 TND,https://tn.jumia.is/unsafe/fit-in/300x300/filters:fill(white)/product/93/7905/1.jpg?3666
Omiz Pull fantaisie,38.00 TND,39.90 TND,https://tn.jumia.is/unsafe/fit-in/300x300/filters:fill(white)/product/24/3774/1.jpg?4767
Etre exclusif Pull - Homme -  9376 H22 - Col roulé - Charbon,38.00 TND,69.00 TND,https://tn.jumia.is/unsafe/fit-in/300x300/filters:fill(white)/product/46/6884/1.jpg?0927
Maze Pull Homme - Noir Et Rouge,38.00 TND,19.00 TND,https://tn.jumia.is/unsafe/fit-in/300x300/filters:fill(white)/product/71/1905/1.jpg?3135
Maze Pull Homme - Gris Et Rose fuchsia,38.00 TND,19.00 TND,https://tn.jumia.is/unsafe/fit-in/300x300/filters:fill(white)/product/23/9525/1.jpg?9031
Maze Pull Homme - Noir Et Blue,38.00 TND,19.00 TND,https://tn.jumia.is/unsafe/fit-in/300x300/filters:fill(white)/product/91/2625/1.jpg?3009
Maze Pull Homme - Noir Et Rose,38.00 TND,19.00 TND,https://tn.jumia.is/unsafe/fit-in/300x300/filters:fill(white)/product/48/6925/1.jpg?9990
Maze Pull Homme -  Noir et Jaune,50.00 TND,19.00 TND,https://tn.jumia.is/unsafe/fit-in/300x300/filters:fill(white)/product/58/6925/1.jpg?9990
Maze Pull Homme - Gris Et Rose fuchsia,38.00 TND,19.00 TND,https://tn.jumia.is/unsafe/fit-in/300x300/filters:fill(white)/product/68/6925/1.jpg?9990
Omiz Pull basic,69.90 TND,34.90 TND,https://tn.jumia.is/cms/000_Ramadan22/00_Live/JE/TN-Ram22_Jexpress_Stickybanner.gif
Etre exclusif Pull - Homme -  9376 H22 - Col roulé - GRIS,78.00 TND,69.00 TND,https://tn.jumia.is/unsafe/fit-in/300x300/filters:fill(white)/product/11/9923/1.jpg?7724
Etre exclusif Pull Homme - 9335 H21 - Marine - Unie,78.00 TND,46.00 TND,https://tn.jumia.is/unsafe/fit-in/300x300/filters:fill(white)/product/61/1905/1.jpg?3135
WHITELEAD Pull - Noir - Free - Fire,60.00 TND,27.90 TND,https://tn.jumia.is/unsafe/fit-in/300x300/filters:fill(white)/product/33/4025/1.jpg?0648
Etre exclusif Body - Homme - 9412 SH - Blanc - Col V,76.00 TND,54.00 TND,https://tn.jumia.is/unsafe/fit-in/300x300/filters:fill(white)/product/46/5203/1.jpg?8267
Maze Pull Homme - Noir Et Blue,38.00 TND,19.00 TND,https://tn.jumia.is/unsafe/fit-in/300x300/filters:fill(white)/product/32/4025/1.jpg?0648
Etre exclusif Pull - Homme -  Pull - Homme -  9376 H22  - Noir,78.00 TND,69.00 TND,https://tn.jumia.is/unsafe/fit-in/300x300/filters:fill(white)/product/48/6925/1.jpg?9990
Etre exclusif Body - Homme - 9412 SH - Gris foncé - Col V,76.00 TND,54.00 TND,https://tn.jumia.is/unsafe/fit-in/300x300/filters:fill(white)/product/41/1905/1.jpg?6053
Etre exclusif Pull - Homme - 9450 H19 - vert 100% coton,79.00 TND,49.00 TND,https://tn.jumia.is/unsafe/fit-in/300x300/filters:fill(white)/product/02/4025/1.jpg?0648
Omiz Pull col montant torsade,79.90 TND,39.90 TND,https://tn.jumia.is/unsafe/fit-in/300x300/filters:fill(white)/product/75/3774/1.jpg?4771
Etre exclusif Pull - Homme - 9313 H18 - Blanc - Imprimé,68.00 TND,49.00 TND,https://tn.jumia.is/unsafe/fit-in/300x300/filters:fill(white)/product/94/4874/1.jpg?2167
Exist Pullover - P00079 - Noir &amp; Gris,79.99 TND,54.00 TND,https://tn.jumia.is/unsafe/fit-in/300x300/filters:fill(white)/product/96/3125/1.jpg?8509
Etre exclusif Pull - Homme -  9376 H22 - Col roulé - BORDEAUX,78.00 TND,69.00 TND,https://tn.jumia.is/unsafe/fit-in/300x300/filters:fill(white)/product/36/2184/1.jpg?8007
Omiz pull a coudière,84.90 TND,44.90 TND,https://tn.jumia.is/unsafe/fit-in/300x300/filters:fill(white)/product/81/1905/1.jpg?3135
Omiz Gilet,89.90 TND,44.90 TND,https://tn.jumia.is/unsafe/fit-in/300x300/filters:fill(white)/product/17/7405/1.jpg?0306
Omiz Pull à coudière - Jaune moutarde,84.90 TND,44.90 TND,https://tn.jumia.is/unsafe/fit-in/300x300/filters:fill(white)/product/66/6715/1.jpg?2147
Etre exclusif Body - Homme - 9374 H22  - Blanc - Rayée,69.00 TND,49.00 TND,https://tn.jumia.is/unsafe/fit-in/300x300/filters:fill(white)/product/55/7405/1.jpg?9948
Maze Pull Homme - Noir Et Rouge,38.00 TND,19.00 TND,https://tn.jumia.is/unsafe/fit-in/300x300/filters:fill(white)/product/63/9094/1.jpg?7867
Etre exclusif Pull Polo - Homme - 9441 H19 -  Gris claire,75.00 TND,49.00 TND,https://tn.jumia.is/unsafe/fit-in/300x300/filters:fill(white)/product/23/9525/1.jpg?9031
Etre exclusif Pull - Homme - 9369 H22 -  Bordeaux 100% acrylique,78.00 TND,54.00 TND,https://tn.jumia.is/unsafe/fit-in/300x300/filters:fill(white)/product/83/6294/1.jpg?7446
Etre exclusif Pull - Homme -  9389 H22 - Col roulé -  Gris,78.00 TND,44.00 TND,https://tn.jumia.is/unsafe/fit-in/300x300/filters:fill(white)/product/22/0084/1.jpg?5029
Talla Mode Gilet coton - Gris foncé,49.90 TND,35.00 TND,https://tn.jumia.is/unsafe/fit-in/300x300/filters:fill(white)/product/07/3115/1.jpg?8148
Etre exclusif Pull - Homme - Bordeaux - 9487 H21,78.00 TND,34.00 TND,https://tn.jumia.is/unsafe/fit-in/300x300/filters:fill(white)/product/60/9535/1.jpg?5689
Etre exclusif Pull -  Homme - 9383 H22 - Bleu- Gratté,88.00 TND,57.00 TND,https://tn.jumia.is/unsafe/fit-in/300x300/filters:fill(white)/product/51/6453/1.jpg?2884
Etre exclusif Pull - Homme - 9388 H22 - Rouge - Zigzag,82.00 TND,57.00 TND,https://tn.jumia.is/unsafe/fit-in/300x300/filters:fill(white)/product/93/3515/1.jpg?2762
Etre exclusif Pull -  Homme - 9383 H22 - BEIGE- Gratté,88.00 TND,57.00 TND,https://tn.jumia.is/unsafe/fit-in/300x300/filters:fill(white)/product/12/1905/1.jpg?3135
Etre exclusif Gilet - Homme - 8710 H22 -  Taupe,82.00 TND,54.00 TND,https://tn.jumia.is/unsafe/fit-in/300x300/filters:fill(white)/product/14/3515/1.jpg?2762
Etre exclusif Polo - Homme - 9337 H21 - Rouge 100%Coton,78.00 TND,54.00 TND,https://tn.jumia.is/unsafe/fit-in/300x300/filters:fill(white)/product/11/1905/1.jpg?3136
Exist Pull over - P00426 - MULT/COL,79.99 TND,54.00 TND,https://tn.jumia.is/unsafe/fit-in/300x300/filters:fill(white)/product/14/3774/1.jpg?4767
Etre exclusif Gilet - Homme - 8705 H19 - Marine à capuche,78.00 TND,34.00 TND,https://tn.jumia.is/unsafe/fit-in/300x300/filters:fill(white)/product/62/1205/1.jpg?8066
Etre exclusif Gilet - Homme - Bordeaux - Col V -  8707 H20,82.00 TND,44.00 TND,https://tn.jumia.is/unsafe/fit-in/300x300/filters:fill(white)/product/62/3815/1.jpg?8129
Etre exclusif Body - Homme - Col  Roulé - 9382 H22 - Bordeaux,68.00 TND,44.00 TND,https://tn.jumia.is/unsafe/fit-in/300x300/filters:fill(white)/product/31/5253/1.jpg?9744
Talla Mode Gilet coton - Noir,49.90 TND,35.00 TND,https://tn.jumia.is/unsafe/fit-in/300x300/filters:fill(white)/product/63/7905/1.jpg?3666
Etre exclusif Body - Homme - Col  Roulé - 9382 H22 - Gris,68.00 TND,44.00 TND,https://tn.jumia.is/unsafe/fit-in/300x300/filters:fill(white)/product/69/2245/1.jpg?8129
Etre exclusif Body - Homme - 9412 SH - Noir - Col V,76.00 TND,54.00 TND,https://tn.jumia.is/unsafe/fit-in/300x300/filters:fill(white)/product/83/7905/1.jpg?3666
Etre exclusif Pull - Homme -  9376 H22 - Col roulé - Beige,78.00 TND,69.00 TND,https://tn.jumia.is/unsafe/fit-in/300x300/filters:fill(white)/product/22/4025/1.jpg?0648
Pull - Homme - Sport chic - couleur Jaune - Tissus vinisia,48.00 TND,25.00 TND,https://tn.jumia.is/unsafe/fit-in/300x300/filters:fill(white)/product/02/1905/1.jpg?3135
Etre exclusif Pull Homme - 9449 H19 - Rouge - Unie,78.00 TND,54.00 TND,https://tn.jumia.is/unsafe/fit-in/300x300/filters:fill(white)/product/85/5813/1.jpg?4207
WHITELEAD Pull - Noir -  Bts - Logo,60.00 TND,27.90 TND,https://tn.jumia.is/unsafe/fit-in/300x300/filters:fill(white)/product/26/3125/1.jpg?8508
Exist Pull - P00416 - BMULTICLR,64.99 TND,45.00 TND,https://tn.jumia.is/unsafe/fit-in/300x300/filters:fill(white)/product/26/5203/1.jpg?8268
Maze Pull Homme - Noir Et Bleu Ciel,38.00 TND,19.00 TND,https://tn.jumia.is/unsafe/fit-in/300x300/filters:fill(white)/product/58/0205/1.jpg?8015
Maze Pull Homme -  Noir et Jaune,38.00 TND,19.00 TND,https://tn.jumia.is/unsafe/fit-in/300x300/filters:fill(white)/product/38/6925/1.jpg?9990
Maze Pull Homme - Noir Et Rouge,38.00 TND,19.00 TND,https://tn.jumia.is/unsafe/fit-in/300x300/filters:fill(white)/product/66/3245/1.jpg?2026
Maze Pull Homme - Gris Et Rose Bebe,38.00 TND,19.00 TND,https://tn.jumia.is/unsafe/fit-in/300x300/filters:fill(white)/product/23/9525/1.jpg?9031
Maze Pull Homme - Gris Et Rose fuchsia,38.00 TND,19.00 TND,https://tn.jumia.is/unsafe/fit-in/300x300/filters:fill(white)/product/73/9525/1.jpg?9032
Maze Pull Homme - Noir Et Rouge,38.00 TND,19.00 TND,https://tn.jumia.is/unsafe/fit-in/300x300/filters:fill(white)/product/91/2625/1.jpg?3009
Zoom Fa Sweat Shirts - Don't Wait Any One - Gris,50.00 TND,35.00 TND,https://tn.jumia.is/unsafe/fit-in/300x300/filters:fill(white)/product/26/3245/1.jpg?2026
Maze Pull Homme -  Noir et Jaune,38.00 TND,19.00 TND,https://tn.jumia.is/unsafe/fit-in/300x300/filters:fill(white)/product/19/0563/1.jpg?8367
Etre exclusif Pull - Homme - 9369 H22 -  Taupe 100% acrylique,78.00 TND,54.00 TND,https://tn.jumia.is/cms/000_Ramadan22/00_Live/JE/TN-Ram22_Jexpress_Stickybanner.gif
Etre exclusif Pull - Homme - 9304 H18 - vert militaire,68.00 TND,34.00 TND,https://tn.jumia.is/unsafe/fit-in/300x300/filters:fill(white)/product/91/0084/1.jpg?5029
Exist Pull over - P00391 - JAUNE,44.99 TND,40.00 TND,https://tn.jumia.is/unsafe/fit-in/300x300/filters:fill(white)/product/76/3125/1.jpg?8509
Etre exclusif Body - Homme - 9374 H22  - Moutarde  - Rayée,69.00 TND,49.00 TND,https://tn.jumia.is/unsafe/fit-in/300x300/filters:fill(white)/product/88/0205/1.jpg?8015
Etre exclusif Pull - Homme - 9307 H19 -  Noir - imprimer,78.00 TND,34.00 TND,https://tn.jumia.is/unsafe/fit-in/300x300/filters:fill(white)/product/93/9094/1.jpg?7867
Zoom Fa Sweat Shirts - BTS - Noir,50.00 TND,35.00 TND,https://tn.jumia.is/unsafe/fit-in/300x300/filters:fill(white)/product/46/9184/1.jpg?6927
Omiz pull col montanT,89.90 TND,44.90 TND,https://tn.jumia.is/unsafe/fit-in/300x300/filters:fill(white)/product/68/0563/1.jpg?8367
Maze Pull Homme - Gris Et Rose fuchsia,38.00 TND,19.00 TND,https://tn.jumia.is/unsafe/fit-in/300x300/filters:fill(white)/product/38/6715/1.jpg?2329
Exist Teddy - 241423 - Noir,149.99 TND,94.00 TND,https://tn.jumia.is/unsafe/fit-in/300x300/filters:fill(white)/product/91/2625/1.jpg?3009
Exist Pull over - P00391 - GR/ANTHR,44.99 TND,40.00 TND,https://tn.jumia.is/unsafe/fit-in/300x300/filters:fill(white)/product/69/4084/1.jpg?8062
Etre exclusif Gilet - Homme - 8710 H22 -  vert,82.00 TND,54.00 TND,https://tn.jumia.is/unsafe/fit-in/300x300/filters:fill(white)/product/11/1205/1.jpg?8066
Etre exclusif POLO - Homme - 9495 H20 - Beige 100% coton,72.00 TND,49.00 TND,https://tn.jumia.is/unsafe/fit-in/300x300/filters:fill(white)/product/01/1905/1.jpg?8568
Omiz Pull basique - Noir,69.90 TND,34.90 TND,https://tn.jumia.is/unsafe/fit-in/300x300/filters:fill(white)/product/95/3774/1.jpg?4770
Etre exclusif Pull - Homme - 9450 H19 - Noir 100% coton,79.00 TND,49.00 TND,https://tn.jumia.is/unsafe/fit-in/300x300/filters:fill(white)/product/60/9923/1.jpg?7724
Etre exclusif Body - Homme - 9412 SH - Bordeaux - Col V,76.00 TND,54.00 TND,https://tn.jumia.is/unsafe/fit-in/300x300/filters:fill(white)/product/65/3774/1.jpg?4771
Maze Pull Homme - Gris Et Rose Bebe,38.00 TND,19.00 TND,https://tn.jumia.is/unsafe/fit-in/300x300/filters:fill(white)/product/81/4025/1.jpg?0648
Omiz Pull à coudière - Rouge bordeaux,84.90 TND,44.90 TND,https://tn.jumia.is/unsafe/fit-in/300x300/filters:fill(white)/product/86/3245/1.jpg?2026
Exist Gilet - G00037 - FNOIR,79.99 TND,50.00 TND,https://tn.jumia.is/unsafe/fit-in/300x300/filters:fill(white)/product/74/7405/1.jpg?9887
Omiz Pull col montant torsade,79.90 TND,39.90 TND,https://tn.jumia.is/unsafe/fit-in/300x300/filters:fill(white)/product/24/5094/1.jpg?8011
Talla Mode Gilet coton - Gris,49.90 TND,35.00 TND,https://tn.jumia.is/unsafe/fit-in/300x300/filters:fill(white)/product/84/4874/1.jpg?2166
Etre exclusif Pull - Homme - 9304 H18 - BLANC,68.00 TND,34.00 TND,https://tn.jumia.is/unsafe/fit-in/300x300/filters:fill(white)/product/70/9535/1.jpg?5689
Etre exclusif Polo - Homme - 9337 H21 - Gris 100%Coton,74.00 TND,59.00 TND,https://tn.jumia.is/unsafe/fit-in/300x300/filters:fill(white)/product/86/3125/1.jpg?8509
Etre exclusif Pull - Homme -  9376 H22 - Col roulé -VERT,78.00 TND,69.00 TND,https://tn.jumia.is/unsafe/fit-in/300x300/filters:fill(white)/product/44/3774/1.jpg?4772
Maze Pull Homme - Gris Et Rose,38.00 TND,19.00 TND,https://tn.jumia.is/unsafe/fit-in/300x300/filters:fill(white)/product/31/1905/1.jpg?3135
Etre exclusif Gilet - Homme - 8709 H20 - Bleu jeans,82.00 TND,54.00 TND,https://tn.jumia.is/unsafe/fit-in/300x300/filters:fill(white)/product/96/3245/1.jpg?2026
Omiz Pull avec texture,89.90 TND,44.90 TND,https://tn.jumia.is/unsafe/fit-in/300x300/filters:fill(white)/product/10/1905/1.jpg?5769
Etre exclusif Polo - Homme - 9492 H20  -  ROUGE,72.00 TND,49.00 TND,https://tn.jumia.is/unsafe/fit-in/300x300/filters:fill(white)/product/18/6715/1.jpg?2329
Etre exclusif Polo - Homme - 9492 H20  - Gris,72.00 TND,49.00 TND,https://tn.jumia.is/unsafe/fit-in/300x300/filters:fill(white)/product/07/3774/1.jpg?4773
Exist Gilet - G00043 - GR/ANTHR,69.99 TND,44.00 TND,https://tn.jumia.is/unsafe/fit-in/300x300/filters:fill(white)/product/17/3774/1.jpg?4773
"Gilet ""REDDOOR"" - Jean - Bleu",149.00 TND,69.00 TND,https://tn.jumia.is/unsafe/fit-in/300x300/filters:fill(white)/product/54/5094/1.jpg?8003
Exist Gilet - 451289 - NMAR,99.99 TND,81.00 TND,https://tn.jumia.is/unsafe/fit-in/300x300/filters:fill(white)/product/26/5232/1.jpg?8319
Exist Polo - P00217 - VERT/MENTE/CLAIR,49.99 TND,45.00 TND,https://tn.jumia.is/unsafe/fit-in/300x300/filters:fill(white)/product/57/0205/1.jpg?8013
Gilet - homme - colrond - Marron,69.00 TND,55.20 TND,https://tn.jumia.is/unsafe/fit-in/300x300/filters:fill(white)/product/80/1205/1.jpg?8018
Etre exclusif Gilet - Homme - 8709 H20 - Vert,82.00 TND,54.00 TND,https://tn.jumia.is/unsafe/fit-in/300x300/filters:fill(white)/product/44/0674/1.jpg?4081
Etre exclusif Pull - Homme - Noir - 9484 H21,78.00 TND,34.00 TND,https://tn.jumia.is/unsafe/fit-in/300x300/filters:fill(white)/product/40/1905/1.jpg?3137
Exist Polo - P00217 - IJAUNE,49.99 TND,45.00 TND,https://tn.jumia.is/unsafe/fit-in/300x300/filters:fill(white)/product/19/6074/1.jpg?7227
Etre exclusif Polo - Homme - 9442 H19 - Marine 100%Coton,72.00 TND,34.00 TND,https://tn.jumia.is/unsafe/fit-in/300x300/filters:fill(white)/product/82/1205/1.jpg?8067
Etre exclusif Gilet - Homme - 8710 H22 -  Bordeaux,82.00 TND,54.00 TND,https://tn.jumia.is/unsafe/fit-in/300x300/filters:fill(white)/product/94/3774/1.jpg?4771
Etre exclusif Pull - Homme - 9385 H22 -  Noir - Zigzag,82.00 TND,57.00 TND,https://tn.jumia.is/unsafe/fit-in/300x300/filters:fill(white)/product/60/1905/1.jpg?3136
Etre exclusif Gilet - Homme - 8710 H22 -  Bleu,82.00 TND,54.00 TND,https://tn.jumia.is/unsafe/fit-in/300x300/filters:fill(white)/product/13/7905/1.jpg?3666
Maze Pull Homme - Gris Et Rose fuchsia,38.00 TND,19.00 TND,https://tn.jumia.is/unsafe/fit-in/300x300/filters:fill(white)/product/50/1905/1.jpg?3137
Maze Pull Homme - Noir Et Rouge,38.00 TND,19.00 TND,https://tn.jumia.is/unsafe/fit-in/300x300/filters:fill(white)/product/91/2625/1.jpg?3009
Maze Pull Homme - Noir Et Blue,38.00 TND,19.00 TND,https://tn.jumia.is/unsafe/fit-in/300x300/filters:fill(white)/product/23/9525/1.jpg?9031
Maze Pull Homme - Noir Et Rouge,38.00 TND,19.00 TND,https://tn.jumia.is/unsafe/fit-in/300x300/filters:fill(white)/product/48/6925/1.jpg?9990
Maze Pull Homme - Gris Et Rose fuchsia,38.00 TND,19.00 TND,https://tn.jumia.is/unsafe/fit-in/300x300/filters:fill(white)/product/26/3245/1.jpg?2026
Maze Pull Homme - Noir Et Bleu Ciel,38.00 TND,19.00 TND,https://tn.jumia.is/unsafe/fit-in/300x300/filters:fill(white)/product/76/3245/1.jpg?2026
Zoom Fa Sweat Shirts - Don't Wait Any One - Gris,50.00 TND,35.00 TND,https://tn.jumia.is/unsafe/fit-in/300x300/filters:fill(white)/product/38/6925/1.jpg?9990
Maze Pull Homme - Gris Et Rose Bebe,38.00 TND,19.00 TND,https://tn.jumia.is/unsafe/fit-in/300x300/filters:fill(white)/product/19/0563/1.jpg?8367
Etre exclusif Gilet - Homme - 8710 H22 -  Gris,82.00 TND,54.00 TND,https://tn.jumia.is/cms/000_Ramadan22/00_Live/JE/TN-Ram22_Jexpress_Stickybanner.gif
Pull - rouge- Homme  -  Sport chic  - Tissus vinisia,48.00 TND,25.00 TND,https://tn.jumia.is/unsafe/fit-in/300x300/filters:fill(white)/product/80/1905/1.jpg?3136
Etre exclusif Pull - Homme - 9388 H22 - Charbon - Zigzag,82.00 TND,57.00 TND,https://tn.jumia.is/unsafe/fit-in/300x300/filters:fill(white)/product/45/5813/1.jpg?4205
Etre exclusif Pull - Homme -  Col cheminé - 9378 H22 - Marine,78.00 TND,44.00 TND,https://tn.jumia.is/unsafe/fit-in/300x300/filters:fill(white)/product/32/1905/1.jpg?3136
Exist Polo - P00216 - NOIR,54.99 TND,49.00 TND,https://tn.jumia.is/unsafe/fit-in/300x300/filters:fill(white)/product/14/9215/1.jpg?2867
Exist Pull - P00460 - BLANC,39.99 TND,36.00 TND,https://tn.jumia.is/unsafe/fit-in/300x300/filters:fill(white)/product/01/1205/1.jpg?8018
Etre exclusif Pull - Homme - 9383 H22 - NOIR - Gratté,88.00 TND,57.00 TND,https://tn.jumia.is/unsafe/fit-in/300x300/filters:fill(white)/product/92/1205/1.jpg?8067
Etre exclusif Pull Homme - 9335 H21 - Beige - Unie,78.00 TND,46.00 TND,https://tn.jumia.is/unsafe/fit-in/300x300/filters:fill(white)/product/18/6225/1.jpg?8908
Etre exclusif Pull - Homme -  9376 H22 - Col roulé - Marine,78.00 TND,69.00 TND,https://tn.jumia.is/unsafe/fit-in/300x300/filters:fill(white)/product/13/4025/1.jpg?0648
Etre exclusif Pull - Homme -  Col cheminé - 9378 H22 - Bordeaux,78.00 TND,44.00 TND,https://tn.jumia.is/unsafe/fit-in/300x300/filters:fill(white)/product/51/1905/1.jpg?3135
Etre exclusif Pull - Homme -  9389 H22 - Col roulé -  Moutarde,78.00 TND,44.00 TND,https://tn.jumia.is/unsafe/fit-in/300x300/filters:fill(white)/product/22/6215/1.jpg?7120
Exist Pull - P00460 - FNOIR,39.99 TND,36.00 TND,https://tn.jumia.is/unsafe/fit-in/300x300/filters:fill(white)/product/27/3115/1.jpg?8148
Etre exclusif Pull Polo - Homme - 9441 H19 -  Beige Marron,75.00 TND,49.00 TND,https://tn.jumia.is/unsafe/fit-in/300x300/filters:fill(white)/product/03/1205/1.jpg?8068
Etre exclusif Gilet - Homme - 8705 H19 - NOIR à capuche,78.00 TND,34.00 TND,https://tn.jumia.is/unsafe/fit-in/300x300/filters:fill(white)/product/73/6294/1.jpg?7446
Talla Mode Pull col rond - Noir rouge,39.90 TND,32.00 TND,https://tn.jumia.is/unsafe/fit-in/300x300/filters:fill(white)/product/72/3815/1.jpg?8129
Omiz pull avec texture,79.90 TND,39.90 TND,https://tn.jumia.is/unsafe/fit-in/300x300/filters:fill(white)/product/24/3393/1.jpg?8968
Etre exclusif Gilet - Homme - 8700 H18 - Rouge,88.00 TND,39.00 TND,https://tn.jumia.is/unsafe/fit-in/300x300/filters:fill(white)/product/66/6884/1.jpg?0927
Maze Pull Homme -  Noir et Jaune,38.00 TND,19.00 TND,https://tn.jumia.is/unsafe/fit-in/300x300/filters:fill(white)/product/52/3815/1.jpg?8129
WHITELEAD Pull - Noir - La - Casa - De - Papel,60.00 TND,27.90 TND,https://tn.jumia.is/unsafe/fit-in/300x300/filters:fill(white)/product/68/6925/1.jpg?9990
Etre exclusif Pull - Homme - Jaune - 9489 H21,79.00 TND,39.00 TND,https://tn.jumia.is/unsafe/fit-in/300x300/filters:fill(white)/product/95/5203/1.jpg?8267
Etre exclusif Polo - Homme - 9442 H19 - Gris 100%Coton,72.00 TND,34.00 TND,https://tn.jumia.is/unsafe/fit-in/300x300/filters:fill(white)/product/76/3774/1.jpg?4771
Etre exclusif Pull Homme - 9449 H19 - Noir - Unie,78.00 TND,54.00 TND,https://tn.jumia.is/unsafe/fit-in/300x300/filters:fill(white)/product/54/3774/1.jpg?4772
Etre exclusif Body - Homme - Col Roulé - 9382 H22 - Moutarde,68.00 TND,44.00 TND,https://tn.jumia.is/unsafe/fit-in/300x300/filters:fill(white)/product/36/3125/1.jpg?5139
Etre exclusif Pull - Homme - Noir - 9489 H21,79.00 TND,39.00 TND,https://tn.jumia.is/unsafe/fit-in/300x300/filters:fill(white)/product/35/8335/1.jpg?1287
Gilet - homme - colrond - Gris,75.90 TND,60.75 TND,https://tn.jumia.is/unsafe/fit-in/300x300/filters:fill(white)/product/96/3774/1.jpg?4771
Exist Polo - P00216 - BLEU,54.99 TND,49.00 TND,https://tn.jumia.is/unsafe/fit-in/300x300/filters:fill(white)/product/34/0674/1.jpg?4081
Etre exclusif Gilet - Homme - 8709 H20 - Bordeaux,82.00 TND,54.00 TND,https://tn.jumia.is/unsafe/fit-in/300x300/filters:fill(white)/product/42/1205/1.jpg?8066
Etre exclusif Polo - Homme - 9367 H22 - Bordeaux,88.00 TND,59.00 TND,https://tn.jumia.is/unsafe/fit-in/300x300/filters:fill(white)/product/20/1905/1.jpg?5059
Exist Pull - P00460 - BLANC,39.99 TND,36.00 TND,https://tn.jumia.is/unsafe/fit-in/300x300/filters:fill(white)/product/21/0084/1.jpg?5029
Maze Pull Homme - Gris Et Rose fuchsia,38.00 TND,19.00 TND,https://tn.jumia.is/unsafe/fit-in/300x300/filters:fill(white)/product/66/1205/1.jpg?8079
Omiz Pull basique - Bordeaux,69.90 TND,34.90 TND,https://tn.jumia.is/unsafe/fit-in/300x300/filters:fill(white)/product/76/3245/1.jpg?2026
Exist Polo - P00368 - PBF/BLANC/GRISCLAIR,69.99 TND,63.00 TND,https://tn.jumia.is/unsafe/fit-in/300x300/filters:fill(white)/product/21/9923/1.jpg?7720
Etre exclusif Pull - Homme - 9308 H19 -  Vert,78.00 TND,34.00 TND,https://tn.jumia.is/unsafe/fit-in/300x300/filters:fill(white)/product/21/1205/1.jpg?8065
Maze Pull Homme - Gris Et Rose,38.00 TND,19.00 TND,https://tn.jumia.is/unsafe/fit-in/300x300/filters:fill(white)/product/16/9184/1.jpg?6926
Gilet- homme-bleu -11021000003231,86.90 TND,69.55 TND,https://tn.jumia.is/unsafe/fit-in/300x300/filters:fill(white)/product/01/2335/1.jpg?7926
Etre exclusif Pull - Homme -  9389 H22 - Col roulé - Bleu,78.00 TND,44.00 TND,https://tn.jumia.is/unsafe/fit-in/300x300/filters:fill(white)/product/74/0674/1.jpg?4081
Exist Gilet - O00002 - FNOIR,119.99 TND,108.00 TND,https://tn.jumia.is/unsafe/fit-in/300x300/filters:fill(white)/product/96/3115/1.jpg?8148
Etre exclusif Polo - Homme - 9442 H19 - Beige 100%Coton,72.00 TND,34.00 TND,https://tn.jumia.is/unsafe/fit-in/300x300/filters:fill(white)/product/43/7535/1.jpg?9448
Etre exclusif Pull - Homme - Bordeaux - 9488 H21,78.00 TND,34.00 TND,https://tn.jumia.is/unsafe/fit-in/300x300/filters:fill(white)/product/64/3774/1.jpg?4772
Etre exclusif Gilet - Homme - Noir - Col V -  8707 H20,82.00 TND,44.00 TND,https://tn.jumia.is/unsafe/fit-in/300x300/filters:fill(white)/product/29/6074/1.jpg?7228
Maze Pull Homme - Noir Et Rouge,38.00 TND,19.00 TND,https://tn.jumia.is/unsafe/fit-in/300x300/filters:fill(white)/product/21/5253/1.jpg?9744
Maze Pull Homme - Gris Et Rose fuchsia,38.00 TND,19.00 TND,https://tn.jumia.is/unsafe/fit-in/300x300/filters:fill(white)/product/23/9525/1.jpg?9031
Maze Pull Homme - Noir Et Blue,38.00 TND,19.00 TND,https://tn.jumia.is/unsafe/fit-in/300x300/filters:fill(white)/product/76/3245/1.jpg?2026
Maze Pull Homme - Gris Et Rose Bebe,38.00 TND,19.00 TND,https://tn.jumia.is/unsafe/fit-in/300x300/filters:fill(white)/product/48/6925/1.jpg?9990
Maze Pull Homme - Noir Et Rouge,38.00 TND,19.00 TND,https://tn.jumia.is/unsafe/fit-in/300x300/filters:fill(white)/product/73/9525/1.jpg?9032
Maze Pull Homme -  Noir et Jaune,38.00 TND,19.00 TND,https://tn.jumia.is/unsafe/fit-in/300x300/filters:fill(white)/product/26/3245/1.jpg?2026
Maze Pull Homme - Gris Et Rose fuchsia,38.00 TND,19.00 TND,https://tn.jumia.is/unsafe/fit-in/300x300/filters:fill(white)/product/66/3245/1.jpg?2026
Zoom Fa Sweat Shirts - Don't Wait Any One - Gris,50.00 TND,35.00 TND,https://tn.jumia.is/unsafe/fit-in/300x300/filters:fill(white)/product/91/2625/1.jpg?3009
Exist Pull - P00408 - ZRED/WINE,44.99 TND,40.00 TND,https://tn.jumia.is/cms/000_Ramadan22/00_Live/JE/TN-Ram22_Jexpress_Stickybanner.gif
Exist Polo - P00217 - AROSE,49.99 TND,45.00 TND,https://tn.jumia.is/unsafe/fit-in/300x300/filters:fill(white)/product/19/0205/1.jpg?8016
Exist Polo - P00099 - NOIR,69.99 TND,63.00 TND,https://tn.jumia.is/unsafe/fit-in/300x300/filters:fill(white)/product/50/1205/1.jpg?8017
Exist Gilet - G00024 - GRIS/ANTHRACITE,79.99 TND,65.00 TND,https://tn.jumia.is/unsafe/fit-in/300x300/filters:fill(white)/product/51/1205/1.jpg?8066
Exist Gilet - G00037 - IBLUE/EV,79.99 TND,50.00 TND,https://tn.jumia.is/unsafe/fit-in/300x300/filters:fill(white)/product/76/0205/1.jpg?8011
Exist Pullover - P00447 - Blanc &amp; Gris Clair,64.99 TND,45.00 TND,https://tn.jumia.is/unsafe/fit-in/300x300/filters:fill(white)/product/44/5094/1.jpg?8012
Etre exclusif Pull - Homme - 9377 H22 - NOIR  - Rayée,78.00 TND,48.00 TND,https://tn.jumia.is/unsafe/fit-in/300x300/filters:fill(white)/product/04/2184/1.jpg?8112
Pull - Homme - 504 - Gris,64.90 TND,51.95 TND,https://tn.jumia.is/unsafe/fit-in/300x300/filters:fill(white)/product/82/7905/1.jpg?3666
Exist Gilet - G00009 - NOIR,119.99 TND,97.00 TND,https://tn.jumia.is/unsafe/fit-in/300x300/filters:fill(white)/product/01/0674/1.jpg?4078
Exist Polo - P00099 - UGRIS/CHINE/CLAIRE,69.99 TND,63.00 TND,https://tn.jumia.is/unsafe/fit-in/300x300/filters:fill(white)/product/08/0205/1.jpg?8014
Exist Pull - P00400 - FNOIR,59.99 TND,40.00 TND,https://tn.jumia.is/unsafe/fit-in/300x300/filters:fill(white)/product/20/1205/1.jpg?8017
Etre exclusif Pull -  Homme - 9384 H22 - Beige - zigzag,88.00 TND,57.00 TND,https://tn.jumia.is/unsafe/fit-in/300x300/filters:fill(white)/product/09/0205/1.jpg?8016
Pull col rond couleur Blanc Noir - Motif Nordique,49.99 TND,59.00 TND,https://tn.jumia.is/unsafe/fit-in/300x300/filters:fill(white)/product/44/3515/1.jpg?2762
Exist Polo - P00217 - IJAUNE,79.99 TND,45.00 TND,https://tn.jumia.is/unsafe/fit-in/300x300/filters:fill(white)/product/13/2013/1.jpg?1848
TARAJI Store Haut de Survêtement microfibre Espérance ST - Bordeau et Rouge,64.99 TND,59.90 TND,https://tn.jumia.is/unsafe/fit-in/300x300/filters:fill(white)/product/60/1205/1.jpg?8017
Exist Pull - P00085 - NOIR,64.90 TND,54.00 TND,https://tn.jumia.is/unsafe/fit-in/300x300/filters:fill(white)/product/36/1825/1.jpg?4847
Exist Pull-over - P00062 - Bleu foncé,79.99 TND,45.00 TND,https://tn.jumia.is/unsafe/fit-in/300x300/filters:fill(white)/product/48/0205/1.jpg?8015
Pull - homme - 507 - Noir - Maille sport,64.90 TND,51.95 TND,https://tn.jumia.is/unsafe/fit-in/300x300/filters:fill(white)/product/38/7884/1.jpg?3267
Exist Pull - P00402 - Noir,59.99 TND,54.00 TND,https://tn.jumia.is/unsafe/fit-in/300x300/filters:fill(white)/product/34/6774/1.jpg?3364
Pull - homme - 504 - Noir,88.00 TND,51.95 TND,https://tn.jumia.is/unsafe/fit-in/300x300/filters:fill(white)/product/77/2284/1.jpg?8008
Exist Pull - P00103 - VERT/OLIVE,69.99 TND,36.00 TND,https://tn.jumia.is/unsafe/fit-in/300x300/filters:fill(white)/product/60/0674/1.jpg?4079
Etre exclusif Polo - Homme - 9367 H22 - Charbon,79.99 TND,59.00 TND,https://tn.jumia.is/unsafe/fit-in/300x300/filters:fill(white)/product/18/0205/1.jpg?8014
Exist Pull over - P00436 - CGR/FONCE,44.85 TND,49.00 TND,https://tn.jumia.is/unsafe/fit-in/300x300/filters:fill(white)/product/31/0084/1.jpg?5029
Exist Pullover - P00161 - Bleu,59.99 TND,54.00 TND,https://tn.jumia.is/unsafe/fit-in/300x300/filters:fill(white)/product/33/1205/1.jpg?8068
Pull- homme- lagos- 18661-vert-11021000003471,79.99 TND,35.90 TND,https://tn.jumia.is/unsafe/fit-in/300x300/filters:fill(white)/product/07/2284/1.jpg?3167
Exist Cardigan - G00025 - Gris,69.99 TND,40.00 TND,https://tn.jumia.is/unsafe/fit-in/300x300/filters:fill(white)/product/35/0674/1.jpg?4081
Exist Cardigan - G00026 - GR/ANTHR,89.99 TND,54.00 TND,https://tn.jumia.is/unsafe/fit-in/300x300/filters:fill(white)/product/76/3874/1.jpg?8002
Exist Gilet - 451284 - VERT,79.99 TND,36.00 TND,https://tn.jumia.is/unsafe/fit-in/300x300/filters:fill(white)/product/77/0205/1.jpg?8013
Exist Gilet - G00045 - GNR/MARON,79.99 TND,63.00 TND,https://tn.jumia.is/unsafe/fit-in/300x300/filters:fill(white)/product/68/2874/1.jpg?7998
Exist Gilet - G00050 - BMULTICLR,69.99 TND,36.00 TND,https://tn.jumia.is/unsafe/fit-in/300x300/filters:fill(white)/product/74/5094/1.jpg?8727
Exist Pullover - P00150 - Tabac,149.99 TND,49.00 TND,https://tn.jumia.is/unsafe/fit-in/300x300/filters:fill(white)/product/33/7535/1.jpg?9328
Exist Pull-over - P00170 - Bleu foncé,69.99 TND,49.00 TND,https://tn.jumia.is/unsafe/fit-in/300x300/filters:fill(white)/product/54/3484/1.jpg?9746
Exist Gilet - G00019 - NOIR,79.99 TND,108.00 TND,https://tn.jumia.is/unsafe/fit-in/300x300/filters:fill(white)/product/34/2084/1.jpg?8003
Exist Pullover - P00171 - Gris,69.99 TND,49.00 TND,https://tn.jumia.is/unsafe/fit-in/300x300/filters:fill(white)/product/17/9594/1.jpg?8003
Exist Cardigan - G00028 - KROUGE/BORDAU,89.99 TND,54.00 TND,https://tn.jumia.is/unsafe/fit-in/300x300/filters:fill(white)/product/16/2184/1.jpg?8007
Exist Pull over - P00428 - MULT/COL,89.99 TND,49.00 TND,https://tn.jumia.is/unsafe/fit-in/300x300/filters:fill(white)/product/17/0205/1.jpg?8013
Exist Gilet - O00007 - BLEU,79.99 TND,81.00 TND,https://tn.jumia.is/unsafe/fit-in/300x300/filters:fill(white)/product/72/1205/1.jpg?8067
Exist Pull over - P00449 - LECRU,229.99 TND,63.00 TND,https://tn.jumia.is/unsafe/fit-in/300x300/filters:fill(white)/product/53/7535/1.jpg?9327
Exist Gilet - G00037 - JGR/CHINE,38.00 TND,50.00 TND,https://tn.jumia.is/unsafe/fit-in/300x300/filters:fill(white)/product/53/1205/1.jpg?8068
Exist Teddy - 241412 - Bleu,38.00 TND,145.00 TND,https://tn.jumia.is/unsafe/fit-in/300x300/filters:fill(white)/product/34/5094/1.jpg?8012
Maze Pull Homme -  Noir et Jaune,38.00 TND,19.00 TND,https://tn.jumia.is/unsafe/fit-in/300x300/filters:fill(white)/product/49/4084/1.jpg?8062
Maze Pull Homme - Noir Et Rouge,38.00 TND,19.00 TND,https://tn.jumia.is/unsafe/fit-in/300x300/filters:fill(white)/product/66/3245/1.jpg?2026
Maze Pull Homme - Gris Et Rose Bebe,38.00 TND,19.00 TND,https://tn.jumia.is/unsafe/fit-in/300x300/filters:fill(white)/product/23/9525/1.jpg?9031
Maze Pull Homme - Noir Et Bleu Ciel,38.00 TND,19.00 TND,https://tn.jumia.is/unsafe/fit-in/300x300/filters:fill(white)/product/73/9525/1.jpg?9032
Maze Pull Homme - Gris Et Rose fuchsia,50.00 TND,19.00 TND,https://tn.jumia.is/unsafe/fit-in/300x300/filters:fill(white)/product/38/6925/1.jpg?9990
Maze Pull Homme - Noir Et Rouge,38.00 TND,19.00 TND,https://tn.jumia.is/unsafe/fit-in/300x300/filters:fill(white)/product/91/2625/1.jpg?3009
Etre exclusif Polo - Homme - 9445 H19 - Marine,72.00 TND,34.00 TND,https://tn.jumia.is/cms/000_Ramadan22/00_Live/JE/TN-Ram22_Jexpress_Stickybanner.gif
Etre exclusif Pull - Homme - Marine - 9487 H21,78.00 TND,34.00 TND,https://tn.jumia.is/unsafe/fit-in/300x300/filters:fill(white)/product/37/3774/1.jpg?4775
Exist Pull over - P00429 - AGRS/CLR,79.99 TND,54.00 TND,https://tn.jumia.is/unsafe/fit-in/300x300/filters:fill(white)/product/98/6074/1.jpg?7227
Etre exclusif Pull -  Homme - 9384 H22 - Gris - zigzag,88.00 TND,57.00 TND,https://tn.jumia.is/unsafe/fit-in/300x300/filters:fill(white)/product/13/1205/1.jpg?8068
Exist Pull over - P00391 - GR/ANTHR,44.99 TND,40.00 TND,https://tn.jumia.is/unsafe/fit-in/300x300/filters:fill(white)/product/34/3515/1.jpg?2762
Etre exclusif Polo - Homme - 9442 H19 - Moutarde 100%Coton,72.00 TND,34.00 TND,https://tn.jumia.is/unsafe/fit-in/300x300/filters:fill(white)/product/78/0205/1.jpg?8015
Etre exclusif Pull  Homme - 9387 H22 - Moutarde - Rayée,82.00 TND,57.00 TND,https://tn.jumia.is/unsafe/fit-in/300x300/filters:fill(white)/product/05/3774/1.jpg?4768
Etre exclusif Body - Homme - 9374 H22  - Bordeaux - Rayée,69.00 TND,49.00 TND,https://tn.jumia.is/unsafe/fit-in/300x300/filters:fill(white)/product/44/7905/1.jpg?3665
Etre exclusif Polo - Homme - 9337 H21 - Taupe 100%Coton,78.00 TND,54.00 TND,https://tn.jumia.is/unsafe/fit-in/300x300/filters:fill(white)/product/73/9094/1.jpg?7867
Etre exclusif Body - Homme - 9412 SH - Beige - Col V,76.00 TND,54.00 TND,https://tn.jumia.is/unsafe/fit-in/300x300/filters:fill(white)/product/04/3774/1.jpg?4769
Omiz pull raye en jacquard,84.90 TND,39.90 TND,https://tn.jumia.is/unsafe/fit-in/300x300/filters:fill(white)/product/61/4025/1.jpg?0647
Etre exclusif POLO - Homme - 9495 H20 - MARINE 100% coton,72.00 TND,49.00 TND,https://tn.jumia.is/unsafe/fit-in/300x300/filters:fill(white)/product/25/0564/1.jpg?4371
Exist Gilet - G00024 - KROUGE/BORDAU,79.99 TND,65.00 TND,https://tn.jumia.is/unsafe/fit-in/300x300/filters:fill(white)/product/26/3774/1.jpg?4770
Etre exclusif Pull - Homme - 9385 H22 -  Moutarde - Zigzag,82.00 TND,57.00 TND,https://tn.jumia.is/unsafe/fit-in/300x300/filters:fill(white)/product/86/0205/1.jpg?8011
Omiz Pull fantaisie,89.90 TND,39.90 TND,https://tn.jumia.is/unsafe/fit-in/300x300/filters:fill(white)/product/03/7905/1.jpg?3666
Etre exclusif Pull -  Homme - 9384 H22 - Marron - zigzag,88.00 TND,57.00 TND,https://tn.jumia.is/unsafe/fit-in/300x300/filters:fill(white)/product/56/6884/1.jpg?0927
Exist Cardigan - G00035 - XMARRON OURS,89.99 TND,63.00 TND,https://tn.jumia.is/unsafe/fit-in/300x300/filters:fill(white)/product/24/3515/1.jpg?2762
Etre exclusif Pull - Homme - 9377 H22 - Beige - Rayée,78.00 TND,48.00 TND,https://tn.jumia.is/unsafe/fit-in/300x300/filters:fill(white)/product/15/3874/1.jpg?0254
Etre exclusif Pull -  Homme - 9384 H22 - VERT - zigzag,88.00 TND,57.00 TND,https://tn.jumia.is/unsafe/fit-in/300x300/filters:fill(white)/product/32/7905/1.jpg?3666
Etre exclusif Pull  Homme - 9387 H22 - Gris - Rayée,82.00 TND,57.00 TND,https://tn.jumia.is/unsafe/fit-in/300x300/filters:fill(white)/product/54/3515/1.jpg?2762
Etre exclusif Pull  Homme - 9387 H22 - Beige - Rayée,82.00 TND,57.00 TND,https://tn.jumia.is/unsafe/fit-in/300x300/filters:fill(white)/product/34/7905/1.jpg?3666
Etre exclusif Pull  Homme - 9387 H22 - Bordeaux - Rayée,82.00 TND,57.00 TND,https://tn.jumia.is/unsafe/fit-in/300x300/filters:fill(white)/product/14/7905/1.jpg?3666
Exist Polo - P00217 - IJAUNE,49.99 TND,45.00 TND,https://tn.jumia.is/unsafe/fit-in/300x300/filters:fill(white)/product/24/7905/1.jpg?3666
Exist Gilet - G00024 - BLEU/FONCE,79.99 TND,72.00 TND,https://tn.jumia.is/unsafe/fit-in/300x300/filters:fill(white)/product/02/1205/1.jpg?8066
Etre exclusif Pull Polo - Homme - 9441 H19 - vert canard,75.00 TND,49.00 TND,https://tn.jumia.is/unsafe/fit-in/300x300/filters:fill(white)/product/49/0205/1.jpg?8015
Omiz Pull avec texture - Jaune moutarde,79.90 TND,39.90 TND,https://tn.jumia.is/unsafe/fit-in/300x300/filters:fill(white)/product/24/6294/1.jpg?7445
Etre exclusif Body - Homme - Col  Roulé - 9382 H22 - Bleu,68.00 TND,44.00 TND,https://tn.jumia.is/unsafe/fit-in/300x300/filters:fill(white)/product/42/7505/1.jpg?2687
Etre exclusif Pull - Homme -  9389 H22 - Col roulé -  Charbon,78.00 TND,44.00 TND,https://tn.jumia.is/unsafe/fit-in/300x300/filters:fill(white)/product/53/7905/1.jpg?3666
Exist Pull-over - P00074 - Noir,79.99 TND,54.00 TND,https://tn.jumia.is/unsafe/fit-in/300x300/filters:fill(white)/product/17/3115/1.jpg?8148
Omiz Pull basique - Gris,69.90 TND,34.90 TND,https://tn.jumia.is/unsafe/fit-in/300x300/filters:fill(white)/product/15/2184/1.jpg?8006
Omiz pull avec texture,89.90 TND,44.90 TND,https://tn.jumia.is/unsafe/fit-in/300x300/filters:fill(white)/product/01/9923/1.jpg?7720
Etre exclusif Pull - Homme -  9376 H22 - Col roulé - Bleu jeans,78.00 TND,69.00 TND,https://tn.jumia.is/unsafe/fit-in/300x300/filters:fill(white)/product/97/2405/1.jpg?1549
Etre exclusif Polo - Homme - 9337 H21 - Marine 100%Coton,78.00 TND,54.00 TND,https://tn.jumia.is/unsafe/fit-in/300x300/filters:fill(white)/product/91/1905/1.jpg?3135
Exist Polo - P00099 - GRIS/ANTHRACITE,69.99 TND,63.00 TND,https://tn.jumia.is/unsafe/fit-in/300x300/filters:fill(white)/product/34/3774/1.jpg?4767
Etre exclusif Pull Homme - Pull love  - VERT - Unie,78.00 TND,54.00 TND,https://tn.jumia.is/unsafe/fit-in/300x300/filters:fill(white)/product/10/1205/1.jpg?8017
Etre exclusif Polo - Homme - 9442 H19 - Blanc 100%Coton,72.00 TND,34.00 TND,https://tn.jumia.is/unsafe/fit-in/300x300/filters:fill(white)/product/46/3125/1.jpg?8509
Etre exclusif Pull Polo - Homme - 9441 H19 -  Rouge,75.00 TND,49.00 TND,https://tn.jumia.is/unsafe/fit-in/300x300/filters:fill(white)/product/74/3774/1.jpg?4772
Etre exclusif Pull Polo - Homme - 9441 H19 -  Sauman,75.00 TND,49.00 TND,https://tn.jumia.is/unsafe/fit-in/300x300/filters:fill(white)/product/04/6294/1.jpg?7445
Etre exclusif POLO - Homme - 9495 H20 - Bleu jean 100% coton,72.00 TND,49.00 TND,https://tn.jumia.is/unsafe/fit-in/300x300/filters:fill(white)/product/14/6294/1.jpg?7445
Etre exclusif Body - Homme - 9412 SH - VERT - Col V,76.00 TND,54.00 TND,https://tn.jumia.is/unsafe/fit-in/300x300/filters:fill(white)/product/85/3774/1.jpg?4771
Maze Pull Homme - Noir Et Bleu Ciel,38.00 TND,19.00 TND,https://tn.jumia.is/unsafe/fit-in/300x300/filters:fill(white)/product/72/4025/1.jpg?0649
Maze Pull Homme - Gris Et Rose fuchsia,38.00 TND,19.00 TND,https://tn.jumia.is/unsafe/fit-in/300x300/filters:fill(white)/product/38/6925/1.jpg?9990
Maze Pull Homme - Noir Et Rouge,38.00 TND,19.00 TND,https://tn.jumia.is/unsafe/fit-in/300x300/filters:fill(white)/product/91/2625/1.jpg?3009
Maze Pull Homme - Gris Et Rose Bebe,38.00 TND,19.00 TND,https://tn.jumia.is/unsafe/fit-in/300x300/filters:fill(white)/product/23/9525/1.jpg?9031
Maze Pull Homme - Noir Et Rouge,38.00 TND,19.00 TND,https://tn.jumia.is/unsafe/fit-in/300x300/filters:fill(white)/product/86/3245/1.jpg?2026
Maze Pull Homme - Noir Et Blue,38.00 TND,19.00 TND,https://tn.jumia.is/unsafe/fit-in/300x300/filters:fill(white)/product/26/3245/1.jpg?2026
Zoom Fa Sweat Shirts - Don't Wait Any One - Gris,50.00 TND,35.00 TND,https://tn.jumia.is/unsafe/fit-in/300x300/filters:fill(white)/product/48/6925/1.jpg?9990
Maze Pull Homme - Gris Et Rose fuchsia,38.00 TND,19.00 TND,https://tn.jumia.is/unsafe/fit-in/300x300/filters:fill(white)/product/19/0563/1.jpg?8367
Etre exclusif Polo - Homme - 9367 H22 - Noir,88.00 TND,59.00 TND,https://tn.jumia.is/cms/000_Ramadan22/00_Live/JE/TN-Ram22_Jexpress_Stickybanner.gif
Etre exclusif Pull - Homme - 9451 H19 -  Marine,78.00 TND,34.00 TND,https://tn.jumia.is/unsafe/fit-in/300x300/filters:fill(white)/product/41/0084/1.jpg?5029
Etre exclusif Pull - Homme -  Col cheminé - 9378 H22 - Charbon,78.00 TND,44.00 TND,https://tn.jumia.is/unsafe/fit-in/300x300/filters:fill(white)/product/95/9184/1.jpg?6926
Etre exclusif Body - Homme - 9374 H22  - NOIR - Rayée,69.00 TND,49.00 TND,https://tn.jumia.is/unsafe/fit-in/300x300/filters:fill(white)/product/83/9215/1.jpg?2867
Etre exclusif Polo - Homme - 9442 H19 - Turquoise 100%Coton,72.00 TND,34.00 TND,https://tn.jumia.is/unsafe/fit-in/300x300/filters:fill(white)/product/04/9094/1.jpg?7867
Etre exclusif Pull Homme - 9335 H21 - BIC - Unie,78.00 TND,46.00 TND,https://tn.jumia.is/unsafe/fit-in/300x300/filters:fill(white)/product/15/3774/1.jpg?4768
Etre exclusif Pull - Homme - Bordeaux - 9489 H21,78.00 TND,39.00 TND,https://tn.jumia.is/unsafe/fit-in/300x300/filters:fill(white)/product/23/4025/1.jpg?0648
Etre exclusif Pull - Homme - Noir - 9488 H21,78.00 TND,34.00 TND,https://tn.jumia.is/unsafe/fit-in/300x300/filters:fill(white)/product/46/3774/1.jpg?4775
Exist Polo - P00152 - QGRIS/CHINE/MOYEN,74.99 TND,54.00 TND,https://tn.jumia.is/unsafe/fit-in/300x300/filters:fill(white)/product/11/6174/1.jpg?4546
Etre exclusif Pull - Homme - 9450 H19 - Rouge 100% coton,78.00 TND,49.00 TND,https://tn.jumia.is/unsafe/fit-in/300x300/filters:fill(white)/product/40/1205/1.jpg?8017
Etre exclusif Pull - Homme -  Col cheminé - 9378 H22 - Gris,78.00 TND,44.00 TND,https://tn.jumia.is/unsafe/fit-in/300x300/filters:fill(white)/product/25/3774/1.jpg?4768
Etre exclusif Pull - Homme -  Col cheminé - 9378 H22 - Vert,78.00 TND,44.00 TND,https://tn.jumia.is/unsafe/fit-in/300x300/filters:fill(white)/product/04/9215/1.jpg?2867
Exist Pull over - P00453 - MULT/COL,69.99 TND,49.00 TND,https://tn.jumia.is/unsafe/fit-in/300x300/filters:fill(white)/product/24/9215/1.jpg?2867
Etre exclusif Pull - Homme - 9313 H18 - BEIGE - Imprimé,68.00 TND,49.00 TND,https://tn.jumia.is/unsafe/fit-in/300x300/filters:fill(white)/product/91/1205/1.jpg?8066
Etre exclusif Pull Homme - 9335 H21 - Gris - Unie,78.00 TND,46.00 TND,https://tn.jumia.is/unsafe/fit-in/300x300/filters:fill(white)/product/07/3125/1.jpg?8509
Etre exclusif Pull - Homme - 9450 H19 - Bleu 100% coton,78.00 TND,49.00 TND,https://tn.jumia.is/unsafe/fit-in/300x300/filters:fill(white)/product/43/4025/1.jpg?0648
Etre exclusif Pull - Homme - 9385 H22 -  Beige - Zigzag,82.00 TND,57.00 TND,https://tn.jumia.is/unsafe/fit-in/300x300/filters:fill(white)/product/45/3774/1.jpg?4772
Etre exclusif Pull - Homme -  Col cheminé - 9378 H22 - Beige,78.00 TND,44.00 TND,https://tn.jumia.is/unsafe/fit-in/300x300/filters:fill(white)/product/52/1905/1.jpg?3135
Talla Mode Pull col rond - Gris Noir,39.90 TND,32.00 TND,https://tn.jumia.is/unsafe/fit-in/300x300/filters:fill(white)/product/93/9215/1.jpg?2867
Etre exclusif Pull - Homme - 9308 H19 - Gris,78.00 TND,34.00 TND,https://tn.jumia.is/unsafe/fit-in/300x300/filters:fill(white)/product/69/6393/1.jpg?1926
Omiz pull avec texture,89.90 TND,39.90 TND,https://tn.jumia.is/unsafe/fit-in/300x300/filters:fill(white)/product/26/9184/1.jpg?6927
Etre exclusif Pull - Homme - 9377 H22 - Bleu jeans - Rayée,78.00 TND,48.00 TND,https://tn.jumia.is/unsafe/fit-in/300x300/filters:fill(white)/product/18/2405/1.jpg?1549
Etre exclusif Pull - Homme - 9486 H20 - Marron  - Maille,78.00 TND,34.00 TND,https://tn.jumia.is/unsafe/fit-in/300x300/filters:fill(white)/product/42/7905/1.jpg?3666
Etre exclusif Body - Homme - 9425 - Ajuster - Oranger- standard,59.00 TND,34.00 TND,https://tn.jumia.is/unsafe/fit-in/300x300/filters:fill(white)/product/87/2484/1.jpg?9347
Etre exclusif Pull - Homme - 9308 H19 -  CHARBON,78.00 TND,34.00 TND,https://tn.jumia.is/unsafe/fit-in/300x300/filters:fill(white)/product/48/6024/1.jpg?2467
Etre exclusif Polo - Homme - 9367 H22 - Marine,88.00 TND,59.00 TND,https://tn.jumia.is/unsafe/fit-in/300x300/filters:fill(white)/product/36/9184/1.jpg?6927
Etre exclusif POLO - Homme - 9495 H20 - Blanc 100% coton,72.00 TND,49.00 TND,https://tn.jumia.is/unsafe/fit-in/300x300/filters:fill(white)/product/51/0084/1.jpg?5029
Etre exclusif Pull - Homme - 9369 H22 - Gris  100% acrylique,78.00 TND,54.00 TND,https://tn.jumia.is/unsafe/fit-in/300x300/filters:fill(white)/product/06/3774/1.jpg?4770
Etre exclusif Body - Homme - 9412 SH - Bic - Col V,76.00 TND,54.00 TND,https://tn.jumia.is/unsafe/fit-in/300x300/filters:fill(white)/product/12/0084/1.jpg?5029
Etre exclusif Body - Homme - 9374 H22  - Vert d'eau - Rayée,69.00 TND,49.00 TND,https://tn.jumia.is/unsafe/fit-in/300x300/filters:fill(white)/product/71/4025/1.jpg?0648
Omiz Pull à coudière - Bleu marine,84.90 TND,44.90 TND,https://tn.jumia.is/unsafe/fit-in/300x300/filters:fill(white)/product/14/9094/1.jpg?7867
Etre exclusif Pull - Homme - Marron - 9488 H21,78.00 TND,34.00 TND,https://tn.jumia.is/unsafe/fit-in/300x300/filters:fill(white)/product/84/7405/1.jpg?9887
Etre exclusif Pull - Homme - 9388 H22 -  Gris - Zigzag,82.00 TND,57.00 TND,https://tn.jumia.is/unsafe/fit-in/300x300/filters:fill(white)/product/21/6174/1.jpg?4546
Omiz Pull raye,84.90 TND,39.90 TND,https://tn.jumia.is/unsafe/fit-in/300x300/filters:fill(white)/product/22/1905/1.jpg?3136
Etre exclusif Pull - Homme - 9386 H22 -  Gris - à pois,82.00 TND,57.00 TND,https://tn.jumia.is/unsafe/fit-in/300x300/filters:fill(white)/product/08/6715/1.jpg?2329
Etre exclusif Body - Homme - BH107 - Bleu - Col V,59.00 TND,39.00 TND,https://tn.jumia.is/unsafe/fit-in/300x300/filters:fill(white)/product/23/7905/1.jpg?3666
Pull - homme - 413 - Bleu,64.90 TND,51.95 TND,https://tn.jumia.is/unsafe/fit-in/300x300/filters:fill(white)/product/03/4025/1.jpg?0648
Etre exclusif Pull Polo - Homme - 9441 H19 - Moutarde,75.00 TND,49.00 TND,https://tn.jumia.is/unsafe/fit-in/300x300/filters:fill(white)/product/20/7774/1.jpg?3362
Pull - homme - 9512 - Bleu,75.90 TND,37.95 TND,https://tn.jumia.is/unsafe/fit-in/300x300/filters:fill(white)/product/93/6294/1.jpg?7445
Etre exclusif Pull - Homme - 9386 H22 -  Moutarde - à pois,82.00 TND,57.00 TND,https://tn.jumia.is/unsafe/fit-in/300x300/filters:fill(white)/product/23/0674/1.jpg?4083
Maze Pull Homme -  Gris Et Bleu,38.00 TND,19.00 TND,https://tn.jumia.is/unsafe/fit-in/300x300/filters:fill(white)/product/43/7905/1.jpg?3666
Maze Pull Homme - Noir Et Bleu Ciel,38.00 TND,19.00 TND,https://tn.jumia.is/unsafe/fit-in/300x300/filters:fill(white)/product/78/6925/1.jpg?9990
Maze Pull Homme - Noir Et Rose,38.00 TND,19.00 TND,https://tn.jumia.is/unsafe/fit-in/300x300/filters:fill(white)/product/56/3245/1.jpg?2026
Maze Pull Homme - Gris Et Rose Bebe,38.00 TND,19.00 TND,https://tn.jumia.is/unsafe/fit-in/300x300/filters:fill(white)/product/58/6925/1.jpg?9990
Maze Pull Homme - Noir Et Rouge,38.00 TND,19.00 TND,https://tn.jumia.is/unsafe/fit-in/300x300/filters:fill(white)/product/86/3245/1.jpg?2026
Maze Pull Homme - Noir Et Blue,38.00 TND,19.00 TND,https://tn.jumia.is/unsafe/fit-in/300x300/filters:fill(white)/product/26/3245/1.jpg?2026
Zoom Fa Sweat Shirts - Don't Wait Any One - Gris,50.00 TND,35.00 TND,https://tn.jumia.is/unsafe/fit-in/300x300/filters:fill(white)/product/48/6925/1.jpg?9990
Maze Pull Homme - Gris Et Rose fuchsia,38.00 TND,19.00 TND,https://tn.jumia.is/unsafe/fit-in/300x300/filters:fill(white)/product/19/0563/1.jpg?8367
Pull-Homme-LMS-1240-Bordeaux-11021000007104,64.90 TND,51.95 TND,https://tn.jumia.is/cms/000_Ramadan22/00_Live/JE/TN-Ram22_Jexpress_Stickybanner.gif
Exist Polo - P00099 - NOIR,69.99 TND,63.00 TND,https://tn.jumia.is/unsafe/fit-in/300x300/filters:fill(white)/product/42/0674/1.jpg?4079
Omiz pull avec texture,89.90 TND,44.90 TND,https://tn.jumia.is/unsafe/fit-in/300x300/filters:fill(white)/product/00/1205/1.jpg?8016
Pull- homme -marron-281202,86.90 TND,69.55 TND,https://tn.jumia.is/unsafe/fit-in/300x300/filters:fill(white)/product/08/2405/1.jpg?1549
Pull- homme-lagos- 18680- blanc-11021000003291,44.85 TND,35.90 TND,https://tn.jumia.is/unsafe/fit-in/300x300/filters:fill(white)/product/94/0674/1.jpg?4081
Etre exclusif Pull - Homme -  Col cheminé - 9378 H22 - Noir,78.00 TND,44.00 TND,https://tn.jumia.is/unsafe/fit-in/300x300/filters:fill(white)/product/05/0674/1.jpg?4081
Pull-Homme-LMS-1240-Noir-11021000007102,64.90 TND,51.95 TND,https://tn.jumia.is/unsafe/fit-in/300x300/filters:fill(white)/product/73/9215/1.jpg?2867
Omiz Pull fantaisie,89.90 TND,39.90 TND,https://tn.jumia.is/unsafe/fit-in/300x300/filters:fill(white)/product/22/0674/1.jpg?4079
Omiz Pull à coudière - Orange,84.90 TND,44.90 TND,https://tn.jumia.is/unsafe/fit-in/300x300/filters:fill(white)/product/36/6884/1.jpg?0927
Exist Pull-over - P00165 - XPLUME/D,64.99 TND,45.00 TND,https://tn.jumia.is/unsafe/fit-in/300x300/filters:fill(white)/product/85/7405/1.jpg?9948
Etre exclusif Pull -  Homme - 9383 H22 - VERT - Gratté,88.00 TND,57.00 TND,https://tn.jumia.is/unsafe/fit-in/300x300/filters:fill(white)/product/41/1205/1.jpg?8065
Etre exclusif Body - Homme - 9412 SH - Jaune - Col V,76.00 TND,54.00 TND,https://tn.jumia.is/unsafe/fit-in/300x300/filters:fill(white)/product/04/3515/1.jpg?2762
Exist Gilet - G00024 - BLEU/FONCE,79.99 TND,65.00 TND,https://tn.jumia.is/unsafe/fit-in/300x300/filters:fill(white)/product/12/4025/1.jpg?0648
Exist Polo - P00217 - VERT/CLAIR,49.99 TND,45.00 TND,https://tn.jumia.is/unsafe/fit-in/300x300/filters:fill(white)/product/66/0205/1.jpg?8011
Pull - Homme - 503 - Bleu,64.90 TND,51.95 TND,https://tn.jumia.is/unsafe/fit-in/300x300/filters:fill(white)/product/22/1205/1.jpg?8066
Etre exclusif Body - Homme - 9374 H22 - Marine - Rayée,69.00 TND,49.00 TND,https://tn.jumia.is/unsafe/fit-in/300x300/filters:fill(white)/product/92/6774/1.jpg?3364
Etre exclusif Pull - Homme - 9388 H22 - Vert - Zigzag,82.00 TND,57.00 TND,https://tn.jumia.is/unsafe/fit-in/300x300/filters:fill(white)/product/03/6294/1.jpg?7446
Etre exclusif Body - Homme - 9374 H22 - Moutarde Beige - Rayée,69.00 TND,49.00 TND,https://tn.jumia.is/unsafe/fit-in/300x300/filters:fill(white)/product/42/1905/1.jpg?3135
Exist Polo - P00217 - VERT/CLAIR,49.99 TND,45.00 TND,https://tn.jumia.is/unsafe/fit-in/300x300/filters:fill(white)/product/23/6294/1.jpg?7446
Pull-Homme-THEORIE-7730-Noir-11021000007062,75.90 TND,60.75 TND,https://tn.jumia.is/unsafe/fit-in/300x300/filters:fill(white)/product/70/1205/1.jpg?8018
Etre exclusif POLO - Homme - 9495 H20 - Bordeaux 100% coton,72.00 TND,49.00 TND,https://tn.jumia.is/unsafe/fit-in/300x300/filters:fill(white)/product/91/0674/1.jpg?4079
Pull - homme - 364 - Noir - Maccali,75.90 TND,60.75 TND,https://tn.jumia.is/unsafe/fit-in/300x300/filters:fill(white)/product/16/3774/1.jpg?4770
Pull-homme-lagos- 18675 -noir-11021000003321,44.85 TND,35.90 TND,https://tn.jumia.is/unsafe/fit-in/300x300/filters:fill(white)/product/85/6774/1.jpg?3364
Etre exclusif Body - Homme - 9412 SH - Charbon  - Col V,76.00 TND,54.00 TND,https://tn.jumia.is/unsafe/fit-in/300x300/filters:fill(white)/product/15/0674/1.jpg?4081
Etre exclusif Pull - Homme -  Col cheminé - 9378 H22 - bleu jeans,78.00 TND,44.00 TND,https://tn.jumia.is/unsafe/fit-in/300x300/filters:fill(white)/product/91/4025/1.jpg?0648
Etre exclusif Body - Homme - 9425 - Ajuster - Violet  - standard,59.00 TND,34.00 TND,https://tn.jumia.is/unsafe/fit-in/300x300/filters:fill(white)/product/76/6215/1.jpg?7119
Exist Polo - P00216 - BLEU,54.99 TND,49.00 TND,https://tn.jumia.is/unsafe/fit-in/300x300/filters:fill(white)/product/12/2024/1.jpg?5187
Etre exclusif Pull - Homme - 9377 H22 - Vert - Rayée,78.00 TND,48.00 TND,https://tn.jumia.is/unsafe/fit-in/300x300/filters:fill(white)/product/90/1205/1.jpg?8018
Etre exclusif Pull - Homme - 9450 H19 - beige 100% coton,78.00 TND,49.00 TND,https://tn.jumia.is/unsafe/fit-in/300x300/filters:fill(white)/product/92/7905/1.jpg?3666
Etre exclusif Pull - Homme - 9377 H22 - Blanc - Rayée,78.00 TND,48.00 TND,https://tn.jumia.is/unsafe/fit-in/300x300/filters:fill(white)/product/35/3774/1.jpg?4772
Etre exclusif Pull - Homme - 9377 H22 - Bordeaux - Rayée,78.00 TND,48.00 TND,https://tn.jumia.is/unsafe/fit-in/300x300/filters:fill(white)/product/52/7905/1.jpg?3666
Etre exclusif Body - Homme - 9374 H22 - Moutarde Gris - Rayée,69.00 TND,49.00 TND,https://tn.jumia.is/unsafe/fit-in/300x300/filters:fill(white)/product/62/7905/1.jpg?3666
Etre exclusif Pull - Homme - 9369 H22 -  Marine  100% acrylique,78.00 TND,54.00 TND,https://tn.jumia.is/unsafe/fit-in/300x300/filters:fill(white)/product/33/6294/1.jpg?7446
Etre exclusif Pull - Homme - 9450 H19 - Marine 100% coton,78.00 TND,49.00 TND,https://tn.jumia.is/unsafe/fit-in/300x300/filters:fill(white)/product/02/0084/1.jpg?5029
Etre exclusif Pull - Homme - 9369 H22 -  Noir 100% acrylique,78.00 TND,54.00 TND,https://tn.jumia.is/unsafe/fit-in/300x300/filters:fill(white)/product/55/3774/1.jpg?4772
Etre exclusif Pull Homme - Pull love  - Beige - Unie,78.00 TND,54.00 TND,https://tn.jumia.is/unsafe/fit-in/300x300/filters:fill(white)/product/81/0084/1.jpg?5029
Etre exclusif Body - Homme - 9412 SH - Marine - Col V,76.00 TND,54.00 TND,https://tn.jumia.is/unsafe/fit-in/300x300/filters:fill(white)/product/56/3125/1.jpg?8509
Etre exclusif Pull Homme - Pull love  - Marron - Unie,78.00 TND,54.00 TND,https://tn.jumia.is/unsafe/fit-in/300x300/filters:fill(white)/product/52/4025/1.jpg?0648
Etre exclusif Body - Homme - 9412 SH - Moutarde - Col V,76.00 TND,54.00 TND,https://tn.jumia.is/unsafe/fit-in/300x300/filters:fill(white)/product/66/3125/1.jpg?8509
Etre exclusif Pull Homme - 9449 H19 - Bleu - Unie,78.00 TND,54.00 TND,https://tn.jumia.is/unsafe/fit-in/300x300/filters:fill(white)/product/62/4025/1.jpg?0649
Maze Pull Homme -  Noir et Jaune,38.00 TND,19.00 TND,https://tn.jumia.is/unsafe/fit-in/300x300/filters:fill(white)/product/16/3125/1.jpg?8508
Maze Pull Homme - Noir Et Rouge,38.00 TND,19.00 TND,https://tn.jumia.is/unsafe/fit-in/300x300/filters:fill(white)/product/66/3245/1.jpg?2026
Maze Pull Homme - Noir Et Bleu Ciel,38.00 TND,19.00 TND,https://tn.jumia.is/unsafe/fit-in/300x300/filters:fill(white)/product/26/3245/1.jpg?2026
Maze Pull Homme - Gris Et Rose Bebe,38.00 TND,19.00 TND,https://tn.jumia.is/unsafe/fit-in/300x300/filters:fill(white)/product/38/6925/1.jpg?9990
Maze Pull Homme - Noir Et Rouge,38.00 TND,19.00 TND,https://tn.jumia.is/unsafe/fit-in/300x300/filters:fill(white)/product/73/9525/1.jpg?9032
Maze Pull Homme - Gris Et Rose fuchsia,38.00 TND,19.00 TND,https://tn.jumia.is/unsafe/fit-in/300x300/filters:fill(white)/product/23/9525/1.jpg?9031
Zoom Fa Sweat Shirts - Don't Wait Any One - Gris,50.00 TND,35.00 TND,https://tn.jumia.is/unsafe/fit-in/300x300/filters:fill(white)/product/91/2625/1.jpg?3009
Maze Pull Homme - Gris Et Rose Bebe,38.00 TND,19.00 TND,https://tn.jumia.is/unsafe/fit-in/300x300/filters:fill(white)/product/19/0563/1.jpg?8367
Etre exclusif Body - Homme - 9412 SH - Gris - Col V,76.00 TND,54.00 TND,https://tn.jumia.is/cms/000_Ramadan22/00_Live/JE/TN-Ram22_Jexpress_Stickybanner.gif
Etre exclusif Body - Homme - 9374 H22 - Ciel - Rayée,69.00 TND,49.00 TND,https://tn.jumia.is/unsafe/fit-in/300x300/filters:fill(white)/product/42/4025/1.jpg?0648
Etre exclusif Body - Homme - 9425 - Ajuster - V.Militaire - standard,59.00 TND,34.00 TND,https://tn.jumia.is/unsafe/fit-in/300x300/filters:fill(white)/product/13/6294/1.jpg?7446
Etre exclusif POLO - Homme - 9495 H20 - Vert 100% coton,72.00 TND,49.00 TND,https://tn.jumia.is/unsafe/fit-in/300x300/filters:fill(white)/product/22/2024/1.jpg?5187
Etre exclusif Body - Homme - 9425 - Ajuster - Turquoise - standard,59.00 TND,34.00 TND,https://tn.jumia.is/unsafe/fit-in/300x300/filters:fill(white)/product/36/3774/1.jpg?4770
Etre exclusif Body - Homme - 9374 H22  - corail - Rayée,69.00 TND,49.00 TND,https://tn.jumia.is/unsafe/fit-in/300x300/filters:fill(white)/product/91/2024/1.jpg?5186
Etre exclusif Pull - Homme - Marine - 9489 H21,79.00 TND,39.00 TND,https://tn.jumia.is/unsafe/fit-in/300x300/filters:fill(white)/product/83/9094/1.jpg?7867
Etre exclusif Pull - Homme - Bleu - 9489 H21,78.00 TND,39.00 TND,https://tn.jumia.is/unsafe/fit-in/300x300/filters:fill(white)/product/86/3774/1.jpg?4771
Etre exclusif Pull - Homme - 9377 H22 - Gris - Rayée,78.00 TND,48.00 TND,https://tn.jumia.is/unsafe/fit-in/300x300/filters:fill(white)/product/56/3774/1.jpg?4775
Etre exclusif Pull - Homme - 9386 H22 - Vert - à pois,82.00 TND,57.00 TND,https://tn.jumia.is/unsafe/fit-in/300x300/filters:fill(white)/product/72/7905/1.jpg?3666
Pull -AFW -Marron-110210000003505,45.00 TND,36.20 TND,https://tn.jumia.is/unsafe/fit-in/300x300/filters:fill(white)/product/33/7905/1.jpg?3666
Pull - Homme - Lagos - 1843-imprimer-11021000003571,60.50 TND,51.95 TND,https://tn.jumia.is/unsafe/fit-in/300x300/filters:fill(white)/product/64/0674/1.jpg?4081
Pull - homme - 364 - Gris - Maccali,75.90 TND,60.75 TND,https://tn.jumia.is/unsafe/fit-in/300x300/filters:fill(white)/product/55/0674/1.jpg?4081
Pull -homme-471211- gris-11021000003261,86.90 TND,69.55 TND,https://tn.jumia.is/unsafe/fit-in/300x300/filters:fill(white)/product/16/6774/1.jpg?3363
Pull-homme- lagos-1805-beige- 11021000003561,60.50 TND,51.95 TND,https://tn.jumia.is/unsafe/fit-in/300x300/filters:fill(white)/product/25/0674/1.jpg?4081
Pull-Homme-Theorie-9512-Indigo-11021000007054,75.90 TND,60.75 TND,https://tn.jumia.is/unsafe/fit-in/300x300/filters:fill(white)/product/45/0674/1.jpg?4084
Pull - homme - 20505 - Noir - THEPRIE,75.90 TND,60.75 TND,https://tn.jumia.is/unsafe/fit-in/300x300/filters:fill(white)/product/81/0674/1.jpg?4079
Pull - homme - 510 - bordeaux,64.90 TND,51.95 TND,https://tn.jumia.is/unsafe/fit-in/300x300/filters:fill(white)/product/74/6774/1.jpg?3364
Bob Pack de 2 Gilets HOMME 100% coton Peigné,30.00 TND,27.00 TND,https://tn.jumia.is/unsafe/fit-in/300x300/filters:fill(white)/product/23/6774/1.jpg?3364
Bob Pack de 2 Gilets HOMME 100% coton Peigné,30.00 TND,27.00 TND,https://tn.jumia.is/unsafe/fit-in/300x300/filters:fill(white)/product/68/3093/1.jpg?5489
WORKMAN Gilet doudoune Homme,27.00 TND,92.00 TND,https://tn.jumia.is/unsafe/fit-in/300x300/filters:fill(white)/product/58/3093/1.jpg?5489
Bob Pack de 2 Gilets HOMME 100% coton Peigné,24.00 TND - 33.00 TND,25.00 TND,https://tn.jumia.is/unsafe/fit-in/300x300/filters:fill(white)/product/46/9794/1.jpg?2285
Gary Pack de 3 Gilets enfant 100% coton,49.00 TND,22.00 TND - 30.00 TND,https://tn.jumia.is/unsafe/fit-in/300x300/filters:fill(white)/product/48/3093/1.jpg?5489
Fifty Cinq Gilet long avec capuche - Coton - Vert,32.00 TND - 36.00 TND,30.00 TND,https://tn.jumia.is/unsafe/fit-in/300x300/filters:fill(white)/product/15/7983/1.jpg?6249
Imperial Pack de 2 Gilets HOMME Interlock 100% coton,28.00 TND - 32.00 TND,28.00 TND - 32.00 TND,https://tn.jumia.is/unsafe/fit-in/300x300/filters:fill(white)/product/41/953/1.jpg?3874
Gary Pack de 2 Gilets HOMME 100% coton GARY ---,69.00 TND,22.00 TND - 28.00 TND,https://tn.jumia.is/unsafe/fit-in/300x300/filters:fill(white)/product/05/7983/1.jpg?1145
Gilet Capuche M/R - Coton - Noir,89.00 TND,49.00 TND,https://tn.jumia.is/unsafe/fit-in/300x300/filters:fill(white)/product/94/7983/1.jpg?5487
Fifty Cinq Gilet - Manches à bande - Noir &amp; Gris,25.00 TND,35.00 TND,https://tn.jumia.is/unsafe/fit-in/300x300/filters:fill(white)/product/15/6615/1.jpg?5989
Kristal Pack de 2 Gilets HOMME Interlock 100% coton Gris,119.00 TND,21.00 TND,https://tn.jumia.is/unsafe/fit-in/300x300/filters:fill(white)/product/23/7811/1.jpg?4206
Fifty Cinq Gilet Col Chemisier Open - Laine - Bleu,48.00 TND,30.00 TND,https://tn.jumia.is/unsafe/fit-in/300x300/filters:fill(white)/product/21/9335/1.jpg?5487
Pack de 4 Gilets HOMME Interlock 100% coton Noir,69.00 TND,42.00 TND,https://tn.jumia.is/unsafe/fit-in/300x300/filters:fill(white)/product/02/4502/1.jpg?8644
Gilet Capuche M/R - Coton - Gris Charbon,69.00 TND,49.00 TND,https://tn.jumia.is/unsafe/fit-in/300x300/filters:fill(white)/product/11/9335/1.jpg?3448
"Fifty Cinq Gilet ""British"" - Coton - Noir",46.00 TND,30.00 TND,https://tn.jumia.is/unsafe/fit-in/300x300/filters:fill(white)/product/05/6615/1.jpg?5989
Kristal Pack de 4 Gilets HOMME Interlock 100% coton - Blanc,45.00 TND,40.00 TND,https://tn.jumia.is/unsafe/fit-in/300x300/filters:fill(white)/product/14/7312/1.jpg?1384
Fifty Cinq Gilet - Molleton - Bande - Noir,75.90 TND,59.00 TND,https://tn.jumia.is/unsafe/fit-in/300x300/filters:fill(white)/product/01/9335/1.jpg?3448
Bob Pack de 3 Gilets HOMME 100% coton Peigné,38.00 TND,39.00 TND,https://tn.jumia.is/unsafe/fit-in/300x300/filters:fill(white)/product/33/7811/1.jpg?8186
Maccali Pull - Homme - 446 - Bleu,38.00 TND,60.75 TND - 75.90 TND,https://tn.jumia.is/unsafe/fit-in/300x300/filters:fill(white)/product/30/9445/1.jpg?0428
Pull Afw Noir-11021000000350,38.00 TND,44.85 TND,https://tn.jumia.is/unsafe/fit-in/300x300/filters:fill(white)/product/12/0674/1.jpg?4079
Maze Pull Homme - Noir Et Rouge,38.00 TND,19.00 TND,https://tn.jumia.is/unsafe/fit-in/300x300/filters:fill(white)/product/54/0674/1.jpg?4081
Maze Pull Homme - Gris Et Rose fuchsia,38.00 TND,19.00 TND,https://tn.jumia.is/unsafe/fit-in/300x300/filters:fill(white)/product/26/3245/1.jpg?2026
Maze Pull Homme - Noir Et Blue,38.00 TND,19.00 TND,https://tn.jumia.is/unsafe/fit-in/300x300/filters:fill(white)/product/76/3245/1.jpg?2026
Maze Pull Homme - Gris Et Rose Bebe,50.00 TND,19.00 TND,https://tn.jumia.is/unsafe/fit-in/300x300/filters:fill(white)/product/48/6925/1.jpg?9990
Maze Pull Homme -  Noir et Jaune,38.00 TND,19.00 TND,https://tn.jumia.is/unsafe/fit-in/300x300/filters:fill(white)/product/86/3245/1.jpg?2026
